"OPT: Code","Build-Option Description","State"
"V","Variable spindle","Enabled"
"N","Line numbers","Enabled"
"M","Mist coolant M7","Enabled"
"G","Safety door input pin","Enabled"
"C","CoreXY","Enabled"
"P","Parking motion","Enabled"
"Z","Homing force origin","Enabled"
"H","Homing single axis commands","Enabled"
"T","Two limit switches on axis","Enabled"
"S","Use different spindle output pin in laser mode","Enabled"
"D","Digital input","Enabled"
"Q","Analog output (PWM)","Enabled"
"A","Allow feed rate overrides in probe cycles","Enabled"
"0","Spindle enable off when speed is zero","Enabled"
"R","Parking override control","Enabled"
"L","Homing initialization auto-lock","Disabled"
"*","Restore all EEPROM command","Disabled"
"$","Restore EEPROM `$` settings command","Disabled"
"#","Restore EEPROM parameter data command","Disabled"
"I","Build info write user string command","Disabled"
"E","Force sync upon EEPROM write","Disabled"
"W","Force sync upon work coordinate offset change","Disabled"
